{"cameraMode":{"drawMode":0,"name":"Shaded","section":"Shading Mode"},"sceneLighting":false,"audioPlay":false,"sceneViewState":{"showFog":false,"showMaterialUpdate":false,"showSkybox":false,"showFlares":false,"showImageEffects":false,"showParticleSystems":false},"in2DMode":false,"pivot":{"x":0.13011763989925385,"y":0.02873779647052288,"z":-0.04410845413804054},"rotation":{"x":-0.015298432670533657,"y":-0.9721945524215698,"z":-0.06638330221176148,"w":0.22404704988002778},"size":0.6136588454246521,"orthographic":false}